{
	"class_name" : "PinholeCameraParameters",
	"extrinsic" : 
	[
		0.74735208495913064,
		-0.011083709693745517,
		0.66433576788147208,
		0.0,
		-0.66272732157468384,
		0.059062551204024642,
		0.74652803851142635,
		0.0,
		-0.047511665364266403,
		-0.99819275013631348,
		0.036795043546885904,
		0.0,
		0.36086037034233009,
		4.4878099943398873,
		12.891442214829494,
		1.0
	],
	"intrinsic" : 
	{
		"height" : 1061,
		"intrinsic_matrix" : 
		[
			918.85295341528945,
			0.0,
			0.0,
			0.0,
			918.85295341528945,
			0.0,
			959.5,
			530.0,
			1.0
		],
		"width" : 1920
	},
	"version_major" : 1,
	"version_minor" : 0
}